machine learning,geomorphology,soil,hydrology,meterology,climatology,biogeography,geology,geophysics,ecology,oceanography,limnology,glaciology,meteorology,precipitation,atmospheric,classification,regression,heterogeneity,high dimensionality,amorphous boundaries,lack of ground truth,noise,label
0.08908708063747478,0.0,0.0,0.0,0.0,0.0,0.0,0.0,0.0,0.0,0.0,0.0,0.0,0.0,0.0,0.0,0.0,0.0,0.0,0.0,0.0,0.0629940788348712,0.0,4.0
0.02699746235780194,0.0,0.0,0.0,0.0,0.0,0.0,0.038180177416060626,0.0,0.0,0.0,0.0,0.0,0.0,0.0,0.0,0.0,0.0,0.0,0.05399492471560388,0.0,0.19090088708030314,0.0,2.0
0.02817180849095055,0.0,0.0,0.0,0.0,0.0,0.0,0.0,0.0,0.0,0.0,0.0,0.0,0.0,0.0,0.0,0.0,0.0,0.0,0.0,0.0,0.07968190728895957,0.0,2.0
0.302275633115927,0.0,0.035623524993954825,0.0,0.0,0.0,0.0,0.0,0.0,0.0,0.0,0.0,0.0,0.0,0.0,0.0,0.0,0.0,0.0,0.0,0.0,0.10687057498186447,0.0,1.0
0.2556038601690775,0.0,0.0,0.0,0.0,0.0,0.0,0.0,0.0,0.0,0.0,0.0,0.0,0.0,0.0,0.0,0.0,0.0,0.0,0.0,0.0,0.25819888974716115,0.0,2.0
0.058874480940946376,0.0,0.0,0.0,0.0,0.0,0.0,0.0,0.0,0.0,0.0,0.0,0.0,0.0,0.0,0.0,0.0,0.0,0.0,0.0,0.0,0.18733745120481599,0.0,4.0
0.029800997754107487,0.0,0.0,0.0,0.0,0.0,0.0,0.0,0.0,0.0,0.0,0.0,0.0,0.0,0.0,0.0,0.0,0.04214497519610896,0.0,0.0,0.0,0.1896523883824903,0.0,2.0
0.08219949365267865,0.0,0.0,0.0,0.0,0.0,0.0,0.0,0.0,0.0,0.0,0.0,0.0,0.0,0.0,0.0,0.03874921291460643,0.0,0.0,0.0547996624351191,0.02739983121755955,0.15499685165842572,0.0,0.0
0.032075014954979206,0.0,0.0,0.0,0.0,0.0,0.0,0.0,0.0,0.0,0.0,0.0,0.0,0.0,0.0,0.045360921162651446,0.0,0.0,0.0,0.032075014954979206,0.0,0.09072184232530289,0.045360921162651446,4.0
0.036084391824351615,0.0,0.0,0.0,0.0,0.0,0.0,0.0,0.0,0.0,0.0,0.0,0.0,0.0,0.0,0.0,0.0,0.051031036307982884,0.0,0.0,0.0,0.07654655446197432,0.0,1.0
0.3517987723651459,0.0,0.0,0.0,0.0,0.0,0.0,0.0,0.0,0.0,0.0,0.0,0.0,0.0,0.09950371902099892,0.0,0.0,0.0,0.0,0.0,0.0,0.17413150828674812,0.0,1.0
0.053338074706266496,0.0,0.0,0.0,0.0,0.0,0.0,0.0,0.0,0.0,0.0,0.0,0.0,0.03771571432023571,0.0,0.03771571432023571,0.0,0.0,0.03771571432023571,0.026669037353133248,0.0,0.15086285728094284,0.0,4.0
0.12239801227242089,0.0,0.17309692896316617,0.0,0.0,0.0,0.0,0.0,0.0,0.0,0.0,0.0,0.0,0.0,0.0,0.0,0.04327423224079154,0.0,0.0,0.0,0.0,0.19473404508356193,0.0,0.0
0.20295302744752147,0.0,0.0,0.0,0.0,0.0,0.0,0.0,0.0,0.0,0.0,0.0,0.0,0.0,0.0,0.0,0.047836487323493986,0.0,0.0,0.03382550457458691,0.0,0.19134594929397594,0.0,4.0
0.06600983619844494,0.0,0.0,0.0,0.0,0.0,0.0,0.0,0.0,0.0,0.0,0.0,0.0,0.0,0.0,0.0,0.0,0.0,0.0,0.03300491809922247,0.0,0.23338001400466832,0.0,4.0
0.11102547633067378,0.0,0.0,0.0,0.0,0.0,0.0,0.0,0.0,0.0,0.0,0.0,0.0,0.0,0.0,0.0,0.03925343359894298,0.0,0.0,0.0,0.0,0.13738701759630043,0.0,0.0
0.2105587219030789,0.0,0.0,0.0,0.0,0.0,0.0,0.0,0.0,0.0,0.0,0.0,0.0,0.0,0.04962916669854651,0.0,0.0,0.0,0.0,0.0,0.0,0.024814583349273254,0.0,2.0
0.09592942190866188,0.0,0.0,0.0,0.0,0.0,0.0,0.0,0.0,0.0,0.0,0.0,0.0,0.0,0.0,0.0,0.0,0.0,0.0,0.03197647396955396,0.0,0.18088625265845382,0.0,7.0
0.06689000620906511,0.0,0.0,0.0,0.0,0.0,0.0,0.0,0.0,0.0,0.0,0.0,0.0,0.0,0.0,0.0,0.0,0.0,0.0,0.03344500310453256,0.0,0.16554431944414075,0.0,7.0
0.056659269967007354,0.0,0.0,0.0,0.0,0.0,0.0,0.0,0.0,0.0,0.0,0.0,0.0,0.0,0.0,0.0,0.12019246203225059,0.0,0.0,0.0,0.0,0.20032077005375098,0.0,2.0
0.17744336024691898,0.0,0.0,0.0,0.0,0.0,0.0,0.0,0.0,0.0,0.0,0.0,0.0,0.0,0.0,0.0,0.0,0.0,0.0,0.0,0.0,0.1254714033071239,0.0,2.0
0.03454442679267333,0.0,0.0,0.0,0.0,0.0,0.0,0.0,0.0,0.0,0.0,0.0,0.0,0.0,0.0,0.0,0.0,0.0,0.0,0.0,0.0,0.12213299218650789,0.04885319687460315,5.0
0.07730521080451097,0.0,0.0,0.0,0.0,0.0,0.0,0.0,0.0,0.0,0.0,0.0,0.0,0.0,0.0,0.03644202585395018,0.0,0.0,0.0,0.0,0.0,0.1457681034158007,0.0,0.0
0.032826608214930636,0.0,0.0,0.0,0.0,0.0,0.0,0.0,0.0,0.0,0.0,0.0,0.0,0.0,0.0,0.0,0.0,0.0,0.0,0.0,0.0,0.20890725544918334,0.0,0.0
0.16590037908279928,0.0,0.0,0.0,0.0,0.0,0.0,0.0,0.0,0.0,0.0,0.0,0.0,0.0,0.0,0.0,0.0,0.039103094350288754,0.0,0.02765006318046655,0.0,0.11730928305086626,0.0,4.0
0.08574929257125441,0.0,0.0,0.0,0.0,0.0,0.0,0.0,0.0,0.0,0.0,0.0,0.0,0.0,0.0,0.0,0.0,0.0,0.0,0.0,0.0,0.06063390625908324,0.0,2.0
0.2864459496157732,0.0,0.0,0.0,0.0,0.0,0.0,0.0,0.0,0.0,0.0,0.0,0.0,0.0,0.0,0.0,0.0,0.0,0.0,0.0,0.0,0.025318484177091666,0.0,2.0
0.02705668903744704,0.0,0.0,0.0,0.0,0.0,0.0,0.0,0.0,0.0,0.0,0.0,0.0,0.0,0.0,0.03826393658966905,0.0,0.0,0.0,0.0,0.0,0.1530557463586762,0.0,4.0
0.03406013516450858,0.0,0.0,0.0,0.0,0.0,0.0,0.0,0.0,0.0,0.0,0.0,0.0,0.0,0.0,0.0,0.0,0.0,0.0,0.0,0.0,0.120420762714772,0.0,4.0
0.06644554941850954,0.0,0.0,0.0,0.0,0.0,0.0,0.0,0.0,0.0,0.0,0.0,0.0,0.0,0.0,0.046984098573493956,0.0,0.0,0.0,0.0,0.0,0.11746024643373489,0.0,0.0
0.47166663063657815,0.0,0.0,0.0,0.0,0.0,0.0,0.0,0.0,0.0,0.0,0.0,0.0,0.0,0.0,0.0,0.0,0.0,0.0,0.0,0.0,0.13340746919301402,0.0,2.0
0.05106429211881653,0.0,0.0,0.0,0.0,0.0,0.0,0.0,0.0,0.0,0.0,0.0,0.0,0.0,0.0,0.0,0.0,0.036107907233705945,0.0,0.0,0.0,0.1263776753179708,0.0,0.0
0.06142951168339512,0.0,0.0,0.0,0.0,0.0,0.0,0.0,0.0,0.0,0.0,0.0,0.0,0.0,0.0,0.0,0.0,0.0,0.0,0.0,0.0,0.1520302849670743,0.0,0.0
0.47192917818300867,0.0,0.0,0.0,0.0,0.0,0.0,0.0,0.0,0.0,0.0,0.0,0.0,0.0,0.0,0.0,0.0,0.0,0.0,0.0,0.0,0.13348172885319998,0.0,2.0
0.09997223379094053,0.0,0.0,0.0,0.0,0.0,0.0,0.0,0.0,0.0,0.0,0.0,0.0,0.0,0.0,0.0,0.0,0.0,0.0,0.0,0.0,0.14138208888788192,0.0,0.0
0.11585688927269845,0.0,0.0,0.0,0.0,0.0,0.0,0.0,0.0,0.0,0.0,0.0,0.0,0.0,0.0,0.0,0.08192319205190406,0.0,0.0,0.057928444636349226,0.0,0.0,0.0,0.0
0.11322770341445956,0.0,0.0,0.0,0.0,0.0,0.0,0.0,0.0,0.0,0.0,0.0,0.0,0.0,0.0,0.0,0.08006407690254357,0.0,0.0,0.0,0.0,0.18014417303072303,0.0,5.0
0.18766297265136728,0.0,0.0,0.0,0.0,0.0,0.0,0.0,0.0,0.0,0.0,0.0,0.0,0.0,0.0,0.0,0.0,0.0,0.0,0.0,0.0,0.10320936930842799,0.0,1.0
0.17149858514250885,0.0,0.0,0.0,0.0,0.0,0.0,0.0,0.0,0.0,0.0,0.0,0.0,0.0,0.0,0.0,0.040422604172722164,0.040422604172722164,0.0,0.0,0.0,0.16169041669088866,0.0,1.0
0.06696495301824251,0.0,0.0,0.0,0.0,0.0,0.0,0.0,0.0,0.0,0.0,0.0,0.0,0.0,0.0,0.0,0.0,0.0,0.0,0.0,0.0,0.23675686190518921,0.0,2.0
0.08359173188630291,0.0,0.0,0.0,0.0,0.0,0.0,0.0,0.0,0.0,0.0,0.0,0.0,0.0,0.0,0.0,0.03940552031195503,0.0,0.0,0.0,0.0,0.1379193210918426,0.0,3.0
0.047565149415449405,0.0,0.0,0.0,0.0,0.0,0.0,0.0,0.0,0.0,0.0,0.0,0.0,0.0,0.0,0.06726727939963124,0.06726727939963124,0.0,0.0,0.0,0.0,0.1345345587992625,0.0,7.0
0.11369510562200633,0.0,0.0,0.0,0.0,0.0,0.0,0.0,0.0,0.0,0.0,0.0,0.0,0.0,0.0,0.1286313282768663,0.032157832069216574,0.0,0.0,0.0,0.0,0.225104824484516,0.09647349620764972,0.0
0.2676516895156554,0.0,0.0,0.0,0.0,0.0,0.0,0.0,0.0,0.0,0.0,0.0,0.0,0.0,0.0,0.0,0.10814761408717503,0.0,0.0,0.0,0.0,0.16222142113076254,0.0,2.0
0.19639610121239315,0.0,0.0,0.0,0.0,0.0,0.0,0.030860669992418384,0.0,0.0,0.0,0.0,0.0,0.0,0.0,0.0,0.1543033499620919,0.0,0.0,0.0,0.0,0.1543033499620919,0.0,2.0
0.12371791482634835,0.0,0.0,0.0,0.0,0.0,0.0,0.0,0.0,0.0,0.0,0.0,0.0,0.0,0.0,0.0,0.0,0.0,0.0,0.0,0.0,0.08748177652797064,0.0,2.0
0.08121095041071559,0.0,0.0,0.0,0.0,0.0,0.0,0.0,0.0,0.0,0.0,0.0,0.0,0.0,0.0,0.028712406871010718,0.1722744412260643,0.0,0.0,0.020302737602678898,0.0,0.200986848097075,0.0,7.0
0.0840662703418397,0.0,0.0,0.0,0.0,0.0,0.0,0.0,0.0,0.0,0.0,0.0,0.0,0.0,0.0,0.0,0.0,0.0,0.0,0.0,0.0,0.14860957456944102,0.0,1.0
0.03434014098717225,0.0,0.0,0.0,0.0,0.0,0.0,0.0,0.0,0.0,0.0,0.0,0.0,0.0,0.0,0.0,0.0,0.0,0.0,0.03434014098717225,0.0,0.07284643967679481,0.0,2.0
0.08785611189861339,0.0,0.0,0.0,0.0,0.0,0.0,0.0,0.0,0.0,0.0,0.0,0.0,0.0,0.0,0.0,0.0,0.0,0.0,0.02928537063287113,0.0,0.08283153665625821,0.041415768328129106,2.0
0.12740030845067574,0.0,0.0,0.0,0.0,0.0,0.0,0.0,0.0,0.0,0.0,0.0,0.0,0.03002854067691021,0.0,0.0,0.03002854067691021,0.0,0.0,0.04246676948355858,0.0,0.19518551439991638,0.0,0.0
0.10798984943120776,0.0,0.0,0.0,0.0,0.0,0.0,0.0,0.0,0.0,0.0,0.0,0.0,0.0,0.0,0.0,0.0,0.0,0.0,0.02699746235780194,0.0,0.11454053224818188,0.0,2.0
0.038691161626706834,0.0,0.0,0.0,0.0,0.0,0.0,0.0,0.0,0.0,0.0,0.0,0.0,0.0,0.0,0.0,0.0,0.054717565516458275,0.0,0.0,0.0,0.054717565516458275,0.0,7.0
0.12346619958119869,0.0,0.0,0.0,0.0,0.0,0.0,0.0,0.0,0.0,0.0,0.0,0.0,0.0,0.0,0.0,0.0,0.0,0.0,0.024693239916239736,0.0,0.10476454436543672,0.0,2.0
0.06749673070628269,0.0,0.0,0.0,0.0,0.0,0.0,0.0,0.0,0.0,0.0,0.0,0.0,0.0,0.0,0.0,0.0,0.0,0.0,0.0,0.0,0.1431821879710043,0.0,2.0
0.3466670470971054,0.0,0.0,0.0,0.0,0.0,0.0,0.0,0.0,0.0,0.0,0.0,0.0,0.0,0.0,0.0,0.27236735535142165,0.05447347107028433,0.0,0.0,0.0,0.027236735535142165,0.0,5.0
0.06141663742742571,0.0,0.0,0.0,0.0,0.0,0.0,0.0,0.0,0.0,0.0,0.0,0.0,0.0,0.0,0.0,0.0,0.0,0.0,0.0,0.0,0.13028436240782473,0.0,2.0
0.10239593700982758,0.0,0.0,0.0,0.0,0.0,0.0,0.0,0.0,0.0,0.0,0.0,0.0,0.0,0.0,0.0,0.0,0.0,0.0,0.025598984252456894,0.0,0.1267085074947994,0.0,2.0
0.08533201859828614,0.0,0.0,0.0,0.0,0.0,0.0,0.0,0.0,0.0,0.0,0.0,0.0,0.0,0.0,0.0,0.0,0.040225899335456484,0.0,0.0,0.0,0.12067769800636945,0.0,5.0
0.06827887419989188,0.0,0.0,0.0,0.0,0.0,0.0,0.0,0.0,0.0,0.0,0.0,0.0,0.0,0.19312181983410703,0.0,0.0,0.0,0.0,0.03413943709994594,0.0,0.09656090991705352,0.0,0.0
0.05198752449100363,0.0,0.0,0.0,0.0,0.0,0.0,0.0,0.0,0.0,0.0,0.0,0.0,0.0,0.0,0.0,0.14704292441876154,0.0,0.0,0.0,0.0,0.18380365552345193,0.0,1.0
0.04188539082916955,0.0,0.23693955110363693,0.0,0.0,0.0,0.0,0.0,0.0,0.0,0.0,0.0,0.0,0.0,0.0,0.0,0.0,0.0,0.0,0.0,0.0,0.05923488777590923,0.0,2.0
0.05039792969557129,0.0,0.0,0.0,0.0,0.0,0.0,0.0,0.0,0.0,0.0,0.0,0.0,0.0,0.0,0.0,0.011878905948500443,0.0,0.0,0.03779844727167846,0.0,0.240547845457134,0.0,0.0
0.04248592886620873,0.0,0.0,0.0,0.0,0.0,0.0,0.0,0.0,0.0,0.0,0.0,0.0,0.0,0.0,0.0,0.0,0.06008417681261097,0.0,0.0,0.0,0.12016835362522194,0.0,0.0
0.052962714133237596,0.0,0.0,0.0,0.0,0.0,0.0,0.0,0.0,0.0,0.0,0.0,0.0,0.0,0.0,0.0,0.0,0.0,0.0,0.0,0.0,0.22470176588194146,0.0,0.0
0.18677184190940707,0.0,0.0,0.0,0.0,0.0,0.0,0.0,0.0,0.0,0.0,0.0,0.0,0.0,0.0,0.0,0.0,0.0,0.0,0.0,0.0,0.13206763594884358,0.0,0.0
0.01955902529634922,0.0,0.0,0.0,0.0,0.0,0.0,0.0,0.0,0.0,0.0,0.0,0.0,0.0,0.0,0.0,0.0,0.0,0.0,0.0,0.0,0.1659638330453731,0.0,0.0
0.12272017341845398,0.0,0.0,0.0,0.0,0.0,0.0,0.0,0.0,0.03471050672503116,0.0,0.0,0.0,0.0,0.0,0.0,0.0,0.3818155739753428,0.03471050672503116,0.0,0.0,0.13884202690012465,0.0,5.0
0.27105237087157535,0.0,0.0,0.0,0.0,0.0,0.0,0.0,0.0,0.0,0.0,0.0,0.0,0.0,0.0,0.12777531299998798,0.0,0.0,0.0,0.0,0.0,0.09583148474999098,0.0,5.0
0.039374961547907886,0.0,0.05568460463897045,0.0,0.0,0.0,0.0,0.0,0.0,0.0,0.0,0.0,0.0,0.0,0.027842302319485226,0.0,0.0,0.027842302319485226,0.027842302319485226,0.059062442321861836,0.0,0.13921151159742615,0.0,7.0
0.09837387536759296,0.0,0.0,0.0,0.0,0.0,0.0,0.04637388957601683,0.0,0.0,0.0,0.0,0.0,0.0,0.0,0.0,0.09274777915203367,0.0,0.0,0.0,0.0,0.11593472394004208,0.0,1.0
0.04295367795875577,0.0,0.0,0.0,0.0,0.0,0.0,0.0,0.0,0.0,0.0,0.0,0.0,0.0,0.0,0.0607456739230787,0.0607456739230787,0.0,0.0,0.0,0.0,0.1214913478461574,0.0,2.0
0.0655825835783953,0.0,0.0,0.0,0.0,0.0,0.0,0.0,0.0,0.0,0.0,0.0,0.0,0.0,0.0,0.0,0.0,0.0,0.0,0.03279129178919765,0.0,0.13912166872805048,0.0,4.0
0.04540766091864998,0.0,0.0,0.0,0.0,0.0,0.0,0.0,0.0,0.0,0.0,0.0,0.0,0.0,0.0,0.0,0.0,0.0,0.0,0.02270383045932499,0.0,0.22475645467377744,0.0,2.0
0.04767312946227961,0.0,0.0,0.0,0.0,0.0,0.0,0.0,0.0,0.0,0.0,0.0,0.0,0.0,0.0,0.0,0.0,0.0,0.0,0.0,0.0,0.18540496217739158,0.0,2.0
0.06441566264008307,0.0,0.0,0.0,0.0,0.0,0.0,0.0,0.0,0.0,0.0,0.0,0.0,0.0,0.0,0.0,0.0,0.0,0.0,0.0,0.0,0.15942063153599692,0.0,2.0
0.21320071635561041,0.0,0.0,0.0,0.0,0.0,0.0,0.0,0.0,0.0,0.0,0.0,0.0,0.0,0.0,0.0,0.0,0.0,0.0,0.14213381090374028,0.0,0.10050378152592121,0.0,0.0
0.07966785775922171,0.0,0.0,0.0,0.0,0.0,0.0,0.0,0.0,0.0,0.0,0.0,0.0,0.0,0.0,0.0,0.0,0.0,0.0,0.026555952586407233,0.0,0.18777894154716993,0.037555788309433985,2.0
0.10689228120225319,0.0,0.0,0.0,0.0,0.0,0.0,0.0,0.0,0.0,0.0,0.0,0.0,0.0,0.0,0.0,0.0,0.0,0.0,0.0,0.0,0.16628536516814763,0.0,2.0
0.23728949893812473,0.0,0.0,0.0,0.0,0.0,0.0,0.0,0.0,0.0,0.0,0.0,0.0,0.0,0.0,0.0,0.0,0.0,0.0,0.02372894989381247,0.0,0.08389450690175304,0.0,2.0
0.03434014098717225,0.0,0.0,0.0,0.0,0.0,0.0,0.0,0.0,0.0,0.0,0.0,0.0,0.0,0.0,0.0,0.04856429311786321,0.0,0.0,0.0,0.0,0.19425717247145283,0.0,2.0
0.13144815598015497,0.0,0.0,0.0,0.0,0.0,0.0,0.0,0.0,0.0,0.0,0.0,0.0,0.0,0.0,0.0,0.0,0.0,0.0,0.0,0.0,0.13942182370205192,0.0,2.0
0.12636480472131267,0.0,0.0,0.0,0.0,0.0,0.0,0.0,0.0,0.0,0.0,0.0,0.0,0.0,0.08935341032175406,0.0,0.13403011548263108,0.0,0.0,0.0,0.0,0.1563684680630696,0.0,0.0
0.08071343122712617,0.0,0.0,0.0,0.0,0.0,0.0,0.0,0.0,0.0,0.0,0.0,0.0,0.0,0.0,0.0,0.22829205821413984,0.0,0.0,0.040356715613563084,0.0,0.11414602910706992,0.0,2.0
0.059666796313179754,0.0,0.0,0.0,0.0,0.0,0.0,0.0,0.0,0.0281271975231506,0.0,0.0,0.0,0.0,0.0,0.0,0.140635987615753,0.0,0.0,0.0,0.0,0.15469958637732828,0.0,2.0
0.13130643285972257,0.0,0.0,0.0,0.0,0.0,0.0,0.0,0.0,0.0,0.0,0.0,0.0,0.0,0.0,0.0,0.0,0.0,0.0,0.04376881095324085,0.0,0.09284766908852594,0.0,2.0
0.02257618204928654,0.0,0.0,0.0,0.0,0.0,0.0,0.0,0.0,0.0,0.0,0.0,0.0,0.0,0.0,0.0,0.031927542840705044,0.031927542840705044,0.0,0.0,0.0,0.11174639994246767,0.0,0.0
0.08424839344525957,0.0,0.03971507353947688,0.0,0.0,0.0,0.0,0.0,0.0,0.0,0.0,0.0,0.0,0.0,0.03971507353947688,0.0,0.0,0.03971507353947688,0.0,0.028082797815086522,0.0,0.11914522061843064,0.0,1.0
0.031465838776377625,0.0,0.0,0.0,0.0,0.0,0.0,0.0,0.0,0.0,0.0,0.0,0.0,0.0,0.0,0.0,0.1779976637959939,0.0,0.0,0.0,0.0,0.15574795582149467,0.0,1.0
0.047351372381037836,0.0,0.0,0.0,0.0,0.0,0.0,0.0,0.0,0.0,0.0,0.0,0.0,0.0,0.0,0.0,0.0,0.0,0.0,0.0,0.0,0.08370619127280313,0.0,0.0
0.0695889000639221,0.0,0.14762034939153687,0.04920678313051229,0.0,0.04920678313051229,0.0,0.0,0.0,0.0,0.0,0.0,0.0,0.0,0.0,0.04920678313051229,0.0,0.0,0.0,0.0695889000639221,0.0,0.17222374095679302,0.0,2.0
0.15034619483106593,0.0,0.0,0.0,0.0,0.0,0.0,0.0,0.0,0.0,0.0,0.0,0.0,0.0,0.0,0.0,0.0,0.0,0.0,0.06013847793242637,0.0,0.06378648833438434,0.0,0.0
0.031559720154890156,0.0,0.0,0.0,0.0,0.0,0.0,0.0,0.0,0.0,0.0,0.0,0.0,0.0,0.0,0.0,0.0,0.0,0.0,0.0,0.0,0.29010919774034366,0.0,0.0
0.09145661412745386,0.0,0.0,0.0,0.0,0.0,0.0,0.0,0.0,0.0,0.0,0.0,0.0,0.0,0.0,0.0,0.0,0.0,0.0,0.0,0.0,0.1940087761016521,0.0,3.0
0.0996683241277643,0.0,0.0,0.0,0.0,0.0,0.0,0.0,0.0,0.046984098573493956,0.0,0.0,0.0,0.0,0.0,0.0,0.0,0.0,0.0,0.0,0.0,0.23492049286746977,0.0,7.0
0.038969255642692,0.0,0.0,0.0,0.0,0.0,0.0,0.0,0.0,0.0,0.0,0.0,0.0,0.0,0.0,0.0,0.0,0.0,0.0,0.0,0.0,0.26177653676602664,0.0,0.0
0.1534114156116212,0.0,0.030993786368687184,0.0,0.0,0.0,0.0,0.0,0.0,0.0,0.0,0.0,0.0,0.0,0.030993786368687184,0.0,0.030993786368687184,0.06198757273737437,0.0,0.0,0.0,0.17046582502777952,0.0,5.0
0.28808297984901593,0.0,0.0,0.0,0.0,0.0,0.0,0.0,0.0,0.0,0.0,0.0,0.0,0.0,0.0,0.045267873021259265,0.0,0.0,0.0,0.0,0.0,0.18107149208503706,0.0,2.0
0.14971953855178488,0.0,0.0,0.0,0.0,0.0,0.0,0.0,0.0,0.0,0.0,0.0,0.0,0.0,0.0,0.0,0.0,0.0,0.0,0.0,0.0,0.10586770098608783,0.10586770098608783,0.0
0.21709014165170284,0.0,0.0,0.0,0.0,0.0,0.0,0.0,0.0,0.0,0.0,0.0,0.0,0.0,0.0,0.038376477822666816,0.0,0.0,0.0,0.027136267706462856,0.0,0.11512943346800045,0.0,0.0
0.06975801064151556,0.0,0.0,0.0,0.0,0.0,0.0,0.0,0.0,0.0,0.0,0.0,0.0,0.0,0.0,0.0,0.0,0.0,0.0,0.03487900532075778,0.0,0.12331590591674751,0.0,0.0
0.055257896399553766,0.0,0.0,0.0,0.0,0.0,0.0,0.0,0.0,0.0,0.0,0.0,0.0,0.0,0.03907323325822818,0.0,0.0,0.0,0.0,0.027628948199776883,0.0,0.07814646651645636,0.0,3.0
0.15823755442584708,0.0,0.0,0.0,0.0,0.0,0.0,0.0,0.0,0.0,0.0,0.0,0.0,0.0,0.0,0.08391813582966891,0.0,0.0,0.0,0.0,0.0,0.23776805151739525,0.0,5.0
0.29088723694136975,0.0,0.0,0.0,0.0,0.0,0.0,0.0,0.0,0.0,0.0,0.0,0.0,0.0,0.0,0.14959151840135315,0.0,0.0,0.0,0.07933288280219175,0.0,0.03739787960033829,0.0,0.0
0.060072129859745485,0.0,0.0,0.0,0.0,0.0,0.0,0.02831827358942995,0.0,0.0,0.0,0.0,0.0,0.0,0.0,0.0,0.0,0.0,0.0,0.04004808657316366,0.0,0.2265461887154396,0.0,5.0
0.06172133998483676,0.0,0.0,0.0,0.0,0.0,0.0,0.0,0.0,0.0,0.0,0.0,0.0,0.0,0.0,0.0,0.0,0.0,0.0,0.0,0.0,0.13093073414159545,0.0,2.0
0.056659269967007354,0.0,0.0,0.0,0.0,0.0,0.0,0.0,0.0,0.0,0.0,0.0,0.0,0.0,0.0,0.0801283080215004,0.0,0.0,0.0,0.0,0.0,0.1802886930483759,0.0,1.0
0.06689000620906511,0.0,0.0,0.0,0.0,0.0,0.0,0.0,0.0,0.0,0.0,0.0,0.0,0.0,0.0,0.0,0.0,0.0,0.0,0.0,0.0,0.16554431944414075,0.0,4.0
0.11233119126034607,0.0,0.0,0.0,0.0,0.0,0.0,0.0,0.0,0.0,0.0,0.0,0.0,0.0,0.0,0.0,0.03971507353947688,0.0,0.0,0.0,0.0,0.21843290446712285,0.0,2.0
0.24875929755249726,0.0,0.0,0.0,0.0,0.0,0.0,0.0,0.0,0.0,0.0,0.0,0.0,0.0,0.0,0.0,0.0,0.0,0.0,0.0,0.0,0.14071950894605836,0.0,0.0
0.021252557102111276,0.0,0.0,0.0,0.0,0.0,0.0,0.0,0.0,0.0,0.0,0.0,0.0,0.0,0.0,0.0,0.0,0.0,0.0,0.021252557102111276,0.021252557102111276,0.24044523591131528,0.0,2.0
0.1501173250081603,0.0,0.0,0.0,0.0,0.0,0.0,0.0,0.0,0.0,0.0,0.0,0.0,0.0,0.0,0.0,0.0,0.0,0.0,0.0,0.0,0.18576071235199632,0.0,0.0
0.07216878364870323,0.0,0.0,0.0,0.0,0.0,0.0,0.0,0.0,0.0,0.0,0.0,0.0,0.0,0.0,0.051031036307982884,0.0,0.0,0.0,0.0,0.0,0.22963966338592295,0.0,0.0
0.11470786693528087,0.0,0.0,0.0,0.0,0.0,0.0,0.0,0.0,0.0,0.0,0.0,0.0,0.0,0.0,0.0,0.0,0.0,0.0,0.0,0.0,0.1892583246525563,0.0,2.0
0.08161565865007724,0.0,0.0,0.0,0.0,0.0,0.0,0.0,0.0,0.0,0.0,0.0,0.0,0.0,0.057710985682476124,0.0,0.0,0.0,0.0,0.02040391466251931,0.0,0.1442774642061903,0.0,5.0
0.045337605344527805,0.0,0.0,0.0,0.0,0.0,0.0,0.0,0.0,0.0,0.0,0.0,0.0,0.0,0.0,0.0,0.0,0.06411705636375015,0.0,0.0,0.0,0.20838043318218796,0.0,4.0
0.14054567378526128,0.0,0.0,0.0,0.0,0.0,0.0,0.0,0.0,0.0,0.0,0.0,0.0,0.0,0.0,0.0,0.0,0.0,0.0,0.0,0.0,0.14907119849998599,0.0,2.0
0.03984095364447978,0.0,0.0,0.0,0.0,0.0,0.0,0.0,0.0,0.0,0.0,0.0,0.0,0.0,0.0,0.0,0.0,0.0,0.0,0.03984095364447978,0.0,0.1126872339638022,0.0,0.0
0.13499346141256538,0.0,0.0,0.0,0.0,0.0,0.0,0.0,0.0,0.0,0.0,0.0,0.0,0.0,0.0,0.0,0.0,0.0,0.0,0.0,0.0,0.1431821879710043,0.0,2.0
0.2041241452319315,0.0,0.0,0.0,0.0,0.0,0.0,0.0,0.0,0.0,0.0,0.0,0.0,0.0,0.0,0.0,0.10825317547305484,0.0,0.0,0.02551551815399144,0.0,0.19846415503393386,0.0,1.0
0.03790490217894517,0.0,0.0,0.0,0.0,0.0,0.0,0.0,0.0,0.0,0.0,0.0,0.0,0.0,0.0,0.0,0.0,0.0,0.0,0.03790490217894517,0.0,0.0804084401128346,0.0,5.0
0.04786387724118254,0.0,0.0,0.0,0.0,0.0,0.0,0.0,0.0,0.0,0.0,0.0,0.0,0.0,0.0,0.0,0.03384487217112064,0.0,0.0,0.0,0.0,0.16922436085560316,0.0,7.0
0.17712297710801905,0.0,0.0,0.0,0.0,0.0,0.0,0.0,0.0,0.0,0.0,0.0,0.0,0.0,0.0,0.0,0.0,0.0,0.0,0.0,0.0,0.1252448582170299,0.06262242910851495,2.0
0.14210510570080112,0.0,0.0,0.0,0.0,0.0,0.0,0.0,0.0,0.0,0.0,0.0,0.0,0.0,0.0,0.0,0.04019339355290704,0.0,0.0,0.05684204228032045,0.0,0.14067687743517462,0.0,1.0
0.05427253541292571,0.0,0.0,0.0,0.0,0.0,0.0,0.0,0.0,0.038376477822666816,0.0,0.0,0.0,0.0,0.0,0.0,0.0,0.0,0.0,0.0,0.0,0.15350591129066726,0.0,5.0
0.09690031662230184,0.0,0.0,0.0,0.0,0.0,0.0,0.0,0.0,0.0,0.0,0.0,0.0,0.0,0.0,0.0,0.0,0.0,0.0,0.04845015831115092,0.0,0.03425943549137658,0.0,0.0
0.18107149208503706,0.0,0.0,0.0,0.0,0.0,0.0,0.0,0.0,0.0,0.0,0.0,0.0,0.0,0.0,0.0,0.032009219983223994,0.0,0.0,0.0,0.0,0.14404148992450796,0.0,2.0
0.03230853348756192,0.0,0.0,0.0,0.0,0.0,0.0,0.0,0.0,0.0,0.0,0.0,0.0,0.0,0.0,0.0,0.22845583119247692,0.0,0.0,0.0,0.0,0.11422791559623846,0.0,2.0
0.04181210050035453,0.0,0.23652495839563303,0.0,0.0,0.0,0.0,0.0,0.0,0.0,0.0,0.0,0.0,0.0,0.0,0.0,0.0,0.0,0.0,0.0,0.0,0.05913123959890826,0.0,2.0
0.023236970617008655,0.0,0.0,0.0,0.0,0.0,0.0,0.0,0.0,0.0,0.0,0.0,0.0,0.0,0.0,0.0,0.0,0.09858611698511624,0.0,0.0,0.0,0.19717223397023248,0.0,7.0
0.3874921291460643,0.0,0.0,0.0,0.0,0.0,0.0,0.0,0.0,0.0,0.0,0.0,0.0,0.0,0.0,0.0,0.0547996624351191,0.0547996624351191,0.0,0.0,0.0,0.0547996624351191,0.0,1.0
0.1532928390922788,0.0,0.0,0.0,0.0,0.0,0.0,0.0,0.0,0.0,0.0,0.0,0.0,0.0,0.0,0.07226293735299241,0.0,0.0,0.0,0.0,0.0,0.21678881205897726,0.0,4.0
0.02956561979945413,0.0,0.0,0.0,0.0,0.0,0.0,0.0,0.0,0.0,0.0,0.0,0.0,0.0,0.0,0.0,0.0,0.0,0.0,0.02956561979945413,0.0,0.10453025125088634,0.0,2.0
0.052128603514268686,0.0,0.0,0.0,0.0,0.0,0.0,0.0,0.0,0.0,0.0,0.0,0.0,0.0,0.0,0.0,0.07372097807744857,0.0,0.0,0.052128603514268686,0.0,0.036860489038724284,0.0,2.0
0.08436490812191955,0.0,0.0,0.0,0.0,0.0,0.0,0.0,0.0,0.05965499862718936,0.0,0.0,0.0,0.0,0.0,0.0,0.0,0.11930999725437871,0.0,0.04218245406095977,0.0,0.11930999725437871,0.0,5.0
0.14788915753414916,0.0,0.0,0.0,0.0,0.0,0.0,0.0,0.0,0.0,0.0,0.0,0.0,0.0,0.0,0.0,0.0,0.0,0.0,0.0,0.0,0.10457342615636248,0.24400466103151244,2.0
0.08908708063747478,0.0,0.0,0.0,0.0,0.0,0.0,0.0,0.0,0.0,0.0,0.0,0.0,0.0,0.0,0.1259881576697424,0.0,0.0629940788348712,0.0,0.0,0.0,0.157485197087178,0.0,0.0
0.21473125083800754,0.0,0.0,0.0,0.0,0.0,0.0,0.0,0.0,0.0,0.0,0.0,0.0,0.0,0.0,0.18979740450028085,0.0,0.0,0.0,0.0,0.0,0.1328581831501966,0.0,5.0
0.028988551782622416,0.0,0.0,0.0,0.0,0.0,0.0,0.0,0.0,0.0,0.0,0.0,0.0,0.0,0.0,0.0,0.040996003084539386,0.0,0.0,0.0,0.0,0.14348601079588785,0.0,3.0
0.02022783485156837,0.0,0.0,0.0,0.0,0.0,0.0,0.0,0.0,0.0,0.0,0.0,0.0,0.0,0.0,0.0,0.0,0.0,0.0,0.0,0.0,0.1716388703071869,0.0,2.0
0.034219295541457743,0.0,0.0,0.0,0.0,0.0,0.0,0.0,0.0,0.0,0.0,0.0,0.0,0.0,0.0,0.0,0.14518017554874818,0.0,0.0,0.0,0.0,0.14518017554874818,0.048393391849582724,0.0
0.08689266695452384,0.0,0.0,0.0,0.0,0.0,0.0,0.1638463841038081,0.0,0.0,0.0,0.0,0.0,0.0,0.0,0.0,0.0,0.0,0.0,0.0,0.0,0.18432718211678412,0.0,2.0
0.06772854614785963,0.0,0.0,0.0,0.0,0.0,0.0,0.0,0.0,0.0,0.0,0.0,0.0,0.0,0.0,0.0,0.0,0.0,0.0,0.033864273073929814,0.0,0.16761959991370148,0.0,2.0
0.15118578920369086,0.0,0.0,0.0,0.0,0.0,0.0,0.0,0.0,0.0,0.0,0.0,0.0,0.0,0.0,0.10690449676496974,0.0,0.0,0.0,0.037796447300922714,0.0,0.1336306209562122,0.0,5.0
0.028352398856187132,0.0,0.0,0.0,0.0,0.0,0.0,0.0,0.0,0.0,0.0,0.0,0.0,0.0,0.0,0.0,0.0,0.0,0.0,0.0,0.0,0.20048173494115637,0.0,3.0
0.06851887098275315,0.0,0.0,0.0,0.0,0.0,0.0,0.0,0.0,0.0,0.04845015831115092,0.0,0.0,0.0,0.0,0.0,0.0,0.0,0.0,0.06851887098275315,0.0,0.02422507915557546,0.0,0.0
0.04483358396622202,0.0,0.0,0.0,0.0,0.0,0.0,0.0,0.0,0.0,0.0,0.0,0.0,0.0,0.0,0.031702131247412065,0.0,0.0,0.0,0.02241679198311101,0.0,0.1902127874844724,0.0,2.0
0.2451110848018725,0.0,0.0,0.0,0.0,0.0,0.0,0.0,0.0,0.0,0.0,0.0,0.0,0.0,0.0,0.0,0.0,0.09453802374948816,0.0,0.0,0.0,0.22058872208213906,0.0,5.0
0.03004208840630548,0.0,0.0,0.0,0.0,0.0,0.0,0.0,0.0,0.0,0.0,0.0,0.0,0.0,0.0,0.0,0.08497185773241747,0.0,0.0,0.03004208840630548,0.0,0.2124296443310437,0.0,1.0
0.06900655593423542,0.0,0.0,0.0,0.0,0.0,0.0,0.0,0.0,0.0,0.0,0.0,0.0,0.0,0.0,0.0,0.0,0.0,0.0,0.03450327796711771,0.0,0.12198750911856665,0.0,7.0
0.09147787074926964,0.0,0.0,0.0,0.0,0.0,0.0,0.0,0.0,0.0,0.0,0.0,0.0,0.0,0.0,0.0,0.0,0.0,0.03234231136765754,0.0,0.0,0.14554040115445896,0.0,5.0
0.23210354127426375,0.0,0.0,0.0,0.0,0.0,0.0,0.0,0.0,0.0,0.0,0.0,0.0,0.0,0.0,0.041030496993110906,0.0,0.041030496993110906,0.0,0.0,0.0,0.08206099398622181,0.0,5.0
0.10698093903198808,0.0,0.0,0.0,0.0,0.0,0.0,0.0,0.0,0.0,0.0,0.0,0.0,0.0,0.0,0.0,0.3025877897888935,0.0,0.0,0.026745234757997016,0.0,0.13238215803264092,0.0,2.0
0.14865882924943327,0.0,0.0,0.0,0.0,0.0,0.0,0.0,0.0,0.0,0.0,0.0,0.0,0.0,0.0,0.0,0.052558833122763673,0.0,0.0,0.0,0.0,0.07883824968414552,0.0,2.0
0.16024232719129003,0.0,0.0,0.0,0.0,0.0,0.0,0.0,0.0,0.0,0.0,0.0,0.0,0.0,0.0,0.11330843619007469,0.0,0.0,0.0,0.0,0.0,0.09442369682506224,0.0,0.0
0.07407971974871921,0.0,0.0,0.0,0.0,0.0,0.0,0.0,0.0,0.0,0.0,0.0,0.0,0.0,0.03492151478847891,0.0,0.0,0.10476454436543672,0.0,0.0,0.0,0.1571468165481551,0.0,4.0
0.08171778464454368,0.0,0.0,0.0,0.0,0.0,0.0,0.0,0.0,0.0,0.0,0.0,0.0,0.0,0.0,0.028891599832849384,0.0,0.05778319966569877,0.0,0.0,0.0,0.14445799916424693,0.0,2.0
0.03940552031195503,0.0,0.0,0.0,0.0,0.0,0.0,0.0,0.0,0.0,0.0,0.0,0.0,0.0,0.0,0.0,0.2786391062876764,0.0,0.0,0.0,0.0,0.08359173188630292,0.0,6.0
0.12764512925452054,0.0,0.0,0.0,0.0,0.0,0.0,0.0,0.0,0.0,0.0,0.0,0.0,0.0,0.0,0.04512936824065242,0.18051747296260967,0.0,0.0,0.0,0.0,0.18051747296260967,0.0,2.0
0.13176156917368245,0.0,0.0,0.0,0.0,0.0,0.0,0.0,0.0,0.0,0.0,0.0,0.0,0.0,0.0,0.0,0.0,0.0,0.0,0.0,0.0,0.1304372986874877,0.0,0.0
0.06984302957695782,0.0,0.0,0.0,0.0,0.0,0.0,0.0,0.0,0.0,0.0,0.0,0.0,0.0,0.0,0.0,0.04938647983247948,0.0,0.0,0.03492151478847891,0.0,0.14815943949743846,0.0,2.0
0.11933359262635951,0.0,0.0,0.0,0.0,0.0,0.0,0.0,0.0,0.0,0.0,0.0,0.0,0.0,0.0,0.0,0.1687631851389036,0.0,0.0,0.0,0.0,0.1968903826620542,0.0,2.0
0.14907119849998596,0.0,0.0,0.0,0.0,0.0,0.0,0.0,0.0,0.0,0.0,0.0,0.0,0.0,0.0,0.0,0.0,0.0,0.0,0.0,0.0,0.15811388300841897,0.0,0.0
0.1543033499620919,0.0,0.0,0.0,0.0,0.0,0.0,0.0,0.0,0.0,0.0,0.0,0.0,0.0,0.0,0.0,0.0,0.0545544725589981,0.0545544725589981,0.0,0.0,0.0545544725589981,0.0,3.0
0.08634657835526911,0.0,0.0,0.0,0.0,0.0,0.0,0.0,0.0,0.0,0.0,0.0,0.0,0.0,0.0,0.0,0.0,0.0,0.0,0.021586644588817278,0.0,0.18316875326179907,0.0,0.0
0.10476454436543672,0.0,0.0,0.0,0.0,0.0,0.0,0.0,0.0,0.0,0.0,0.0,0.0,0.0,0.0,0.0,0.0,0.0,0.0,0.0,0.0,0.17285267941367818,0.0,1.0
0.03517987723651459,0.0,0.0,0.0,0.0,0.0,0.0,0.02487592975524973,0.0,0.0,0.0,0.0,0.0,0.0,0.0,0.0,0.0,0.0,0.0,0.0,0.0,0.2487592975524973,0.0,0.0
0.08012116359564501,0.0,0.0,0.0,0.0,0.0,0.0,0.0,0.0,0.0,0.0,0.0,0.0,0.0,0.0,0.0,0.0,0.0,0.0,0.02670705453188167,0.0,0.24550161174516183,0.0377694787300249,0.0
0.1655211777204736,0.0,0.0,0.0,0.0,0.0,0.0,0.0,0.0,0.0,0.0,0.0,0.0,0.0,0.0,0.058520573598065284,0.058520573598065284,0.0,0.0,0.0,0.0,0.058520573598065284,0.0,0.0
0.13499346141256538,0.0,0.0,0.0,0.0,0.0,0.0,0.0,0.0,0.0,0.0,0.0,0.0,0.0,0.0,0.0,0.0,0.0,0.0,0.0,0.0,0.11931848997583691,0.0,0.0
0.0392232270276368,0.0,0.0,0.0,0.0,0.0,0.0,0.0,0.0,0.0,0.0,0.0,0.0,0.0,0.11094003924504582,0.0,0.0,0.05547001962252291,0.0,0.0,0.0,0.08320502943378437,0.0,0.0
0.02050661957987655,0.0,0.0,0.0,0.0,0.0,0.0,0.0,0.0,0.0,0.0,0.0,0.0,0.0,0.0,0.0,0.0,0.0,0.0,0.0,0.0,0.1450036976414354,0.0,1.0
0.03227486121839514,0.0,0.0,0.0,0.0,0.0,0.0,0.0,0.0,0.0,0.0,0.0,0.0,0.0,0.09128709291752768,0.0,0.0,0.0,0.0,0.0,0.0,0.18257418583505536,0.0,1.0
0.14285714285714282,0.0,0.0,0.0,0.0,0.0,0.0,0.0,0.0,0.0,0.0,0.0,0.0,0.0,0.0,0.0,0.0,0.0,0.0,0.10714285714285712,0.0,0.07576144084141581,0.0,2.0
0.04693232544639321,0.0,0.0,0.0,0.0,0.0,0.0,0.0,0.0,0.0,0.0,0.0,0.0,0.0,0.0,0.0,0.0,0.0,0.0,0.0,0.0,0.1327446623199944,0.0,1.0
0.026499947000158997,0.0,0.0,0.0,0.0,0.0,0.0,0.0,0.0,0.0,0.0,0.0,0.0,0.0,0.0,0.0,0.0,0.0,0.0,0.0,0.0,0.22485950669875843,0.0,0.0
0.20224119882994568,0.0,0.0,0.0,0.0,0.0,0.0,0.0,0.0,0.0,0.0,0.0,0.0,0.0,0.0,0.0,0.0,0.0,0.0,0.028891599832849384,0.0,0.14300612312795147,0.0,1.0
0.043033148291193514,0.0,0.0,0.0,0.0,0.0,0.0,0.0,0.0,0.0,0.0,0.0,0.0,0.0,0.0,0.0,0.0,0.0,0.0,0.0,0.0,0.15214515486254615,0.0,4.0
0.10811249552346708,0.0,0.0,0.0,0.0,0.0,0.0,0.0,0.0,0.0,0.0,0.0,0.0,0.0,0.0,0.0,0.0,0.0,0.0,0.0,0.0,0.2548235957188128,0.0,2.0
0.11938082539790083,0.0,0.0,0.0,0.0,0.0,0.0,0.0,0.0,0.0,0.0,0.0,0.0,0.0,0.0,0.0,0.028138330394167636,0.028138330394167636,0.0,0.019896804232983473,0.0,0.1406916519708382,0.0,0.0
0.07018624063435963,0.0,0.0,0.0,0.0,0.0,0.0,0.0,0.0,0.0,0.0,0.0,0.0,0.0,0.0,0.0,0.0,0.0,0.0,0.035093120317179816,0.0,0.17370208344491278,0.0,0.0
0.07516460280028289,0.0,0.0,0.0,0.0,0.0,0.0,0.0,0.0,0.0,0.0,0.0,0.0,0.0,0.0,0.0,0.0,0.0,0.0,0.0,0.0,0.13287350086318347,0.10629880069054679,2.0
0.14285714285714282,0.0,0.0,0.0,0.0,0.0,0.0,0.0,0.0,0.0,0.0,0.0,0.0,0.0,0.0,0.0,0.0,0.0,0.0,0.0,0.0,0.1767766952966369,0.0,0.0
0.029437240470473188,0.0,0.0,0.0,0.0,0.0,0.0,0.04163054471218133,0.0,0.0,0.0,0.0,0.0,0.0,0.0,0.0,0.0,0.0,0.0,0.14718620235236593,0.0,0.249783268273088,0.0,2.0
0.05945550264670635,0.0,0.0,0.0,0.0,0.0,0.0,0.0,0.0,0.0,0.0,0.0,0.0,0.0,0.0,0.0,0.0,0.0,0.0,0.0,0.0,0.1121103709342421,0.0,6.0
0.07071067811865475,0.0,0.0,0.0,0.0,0.0,0.0,0.0,0.0,0.0,0.0,0.0,0.0,0.0,0.0,0.0,0.0,0.0,0.0,0.0,0.0,0.075,0.0,6.0
0.0761386987626881,0.0,0.0,0.0,0.0,0.0,0.0,0.0,0.0,0.0,0.0,0.0,0.0,0.0,0.0,0.0,0.0,0.0,0.0,0.0,0.0,0.24227185592617448,0.0,1.0
0.0965609099170535,0.0,0.0,0.0,0.0,0.0,0.0,0.0,0.0,0.0,0.0,0.0,0.0,0.0,0.03413943709994594,0.03413943709994594,0.0,0.0,0.0,0.0,0.0,0.1706971854997297,0.0,2.0
0.1167536156235761,0.0,0.0,0.0,0.0,0.0,0.0,0.0,0.0,0.0,0.0,0.0,0.0,0.0,0.0,0.0,0.0,0.033022909334191324,0.0,0.0,0.0,0.1320916373367653,0.0,5.0
0.24142320471838086,0.0,0.0,0.0,0.0,0.0,0.0,0.03103854276221004,0.0,0.0,0.0,0.0,0.0,0.0,0.0,0.0,0.0,0.0,0.0,0.0,0.0,0.17071198519215522,0.0,2.0
0.11577058990186095,0.0,0.0,0.0,0.0,0.0,0.0,0.0,0.0,0.0,0.0,0.0,0.0,0.0,0.0,0.027287389727190907,0.0,0.0,0.0,0.0,0.0,0.13643694863595454,0.0,6.0
0.06125638918316888,0.0,0.0,0.0,0.0,0.0,0.0,0.0,0.0,0.0,0.0,0.0,0.0,0.0,0.0,0.0,0.259888849094526,0.0,0.0,0.0,0.0,0.10828702045605249,0.0,1.0
0.07856742013183861,0.0,0.0,0.0,0.0,0.0,0.0,0.0,0.0,0.0,0.0,0.0,0.0,0.0,0.0,0.05555555555555555,0.0,0.0,0.0,0.0,0.0,0.05555555555555555,0.0,2.0
0.03023370275784502,0.0,0.0,0.0,0.0,0.0,0.0,0.0,0.0,0.0,0.0,0.0,0.0,0.0,0.0,0.0,0.0,0.0,0.0,0.12093481103138008,0.0,0.1710276499236051,0.0,1.0
0.028867513459481287,0.0,0.0,0.0,0.0,0.0,0.0,0.0,0.0,0.0,0.0,0.0,0.0,0.0,0.0,0.0,0.040824829046386304,0.0,0.0,0.0,0.0,0.16329931618554522,0.0,0.0
0.06793662204867575,0.0,0.0,0.0,0.0,0.0,0.0,0.0,0.0,0.0,0.0,0.0,0.0,0.0,0.03202563076101743,0.0,0.0,0.03202563076101743,0.0,0.0,0.0,0.16012815380508713,0.0,0.0
0.19878664198647267,0.0,0.0,0.0,0.0,0.0,0.0,0.0,0.0,0.0,0.0,0.0,0.0,0.0,0.0,0.0,0.0,0.0,0.0,0.0,0.0,0.1405633825579373,0.0,2.0
0.13303802104754786,0.0,0.0,0.0,0.0,0.0,0.0,0.0,0.0,0.0,0.0,0.0,0.0,0.0,0.2351802170958993,0.0,0.0,0.0,0.0,0.0,0.0,0.0705540651287698,0.0,0.0
0.030206104666508846,0.0,0.0,0.0,0.0,0.0,0.0,0.0,0.0,0.0,0.0,0.0,0.0,0.0,0.0,0.0,0.0,0.0,0.0,0.030206104666508846,0.0,0.19223047298627122,0.0,1.0
0.08171778464454368,0.0,0.0,0.0,0.0,0.0,0.0,0.0,0.0,0.0,0.0,0.0,0.0,0.0,0.0,0.0,0.0,0.0,0.0,0.02042944616113592,0.0,0.10112059941497284,0.0,2.0
0.16222142113076252,0.0,0.0,0.0,0.0,0.0,0.0,0.0,0.0,0.0,0.0,0.0,0.0,0.0,0.0,0.0,0.0,0.0,0.0,0.0,0.0,0.038235955645093626,0.0,1.0
0.15476464650682734,0.0,0.0,0.0,0.0,0.0,0.0,0.0,0.054717565516458275,0.0,0.0,0.0,0.0,0.0,0.0,0.0,0.0,0.0,0.0,0.0,0.0,0.10943513103291655,0.0,2.0
0.1891201294354047,0.0,0.0,0.0,0.0,0.0,0.0,0.0,0.0,0.0,0.0,0.0,0.0,0.0,0.0,0.0,0.0,0.0,0.0,0.0,0.0,0.1719361619776958,0.0,1.0
0.019626716799471488,0.0,0.0,0.0,0.0,0.0,0.0,0.0,0.0,0.0,0.0,0.0,0.0,0.0,0.0,0.0,0.16653821449601067,0.027756369082668444,0.0,0.0,0.0,0.16653821449601067,0.0,1.0
0.11891287353862351,0.0,0.0,0.0,0.0,0.0,0.0,0.0,0.0,0.0,0.0,0.0,0.0,0.0,0.1345345587992625,0.0,0.0,0.06726727939963124,0.0,0.0,0.0,0.1345345587992625,0.0,5.0
0.10839440602948862,0.0,0.0,0.0,0.0,0.0,0.0,0.0,0.0,0.0,0.0,0.0,0.0,0.0,0.0,0.0,0.0,0.0,0.0,0.0,0.0,0.1021952260615192,0.0,2.0
0.09120268504657222,0.0,0.0,0.0,0.0,0.0,0.0,0.0,0.0,0.0,0.0,0.0,0.0,0.0,0.0,0.0,0.08598671607846956,0.0,0.0,0.0,0.0,0.21496679019617387,0.0,0.0
0.16415269654937484,0.0,0.0,0.0,0.0,0.0,0.0,0.0,0.0,0.0,0.0,0.0,0.0,0.0,0.0,0.0,0.23214696976024105,0.0,0.0,0.0820763482746874,0.0,0.21280138894688763,0.0,2.0
0.038749212914606423,0.0,0.0,0.0,0.0,0.0,0.0,0.0,0.0,0.0,0.0,0.0,0.0,0.0,0.0,0.0,0.0547996624351191,0.0547996624351191,0.0,0.0,0.0,0.0547996624351191,0.0,7.0
0.09012118181186658,0.0,0.0,0.0,0.0,0.0,0.0,0.0,0.0,0.0,0.0,0.0,0.0,0.0,0.0,0.0,0.0,0.0,0.0,0.0,0.0,0.09558794818157493,0.0,1.0
0.04859295307498625,0.0,0.0,0.0,0.0,0.0,0.0,0.0,0.0,0.0,0.0,0.0,0.0,0.0,0.0,0.0,0.0,0.0,0.0,0.024296476537493124,0.0,0.1718020331860124,0.0,2.0
0.08988322765679695,0.0,0.0,0.0,0.0,0.0,0.0,0.0,0.0,0.0,0.0,0.0,0.0,0.0,0.0,0.042371359860703575,0.0,0.0,0.0,0.0,0.0,0.14829975951246252,0.0,0.0
0.3892858828635061,0.0,0.0,0.0,0.0,0.0,0.0,0.0,0.0,0.0,0.0,0.0,0.0,0.0,0.0,0.0,0.0305851875103308,0.0611703750206616,0.0,0.0,0.0,0.13763334379648862,0.0,1.0
0.04172102633318323,0.0,0.0,0.0,0.0,0.0,0.0,0.0,0.0,0.0,0.0,0.0,0.0,0.0,0.0,0.0,0.0,0.0,0.0,0.0,0.0,0.11800488255302553,0.08850366191476915,2.0
0.06719131406833957,0.0,0.0,0.0,0.0,0.0,0.0,0.0,0.0,0.0,0.0,0.0,0.0,0.0,0.0,0.0,0.0,0.0,0.0,0.0,0.0,0.09502286762911598,0.0,0.0
0.11311175079478168,0.0,0.0,0.0,0.0,0.0,0.0,0.0,0.0,0.0,0.0,0.0,0.0,0.0,0.0,0.0,0.09597850322264759,0.0,0.0,0.0,0.0,0.17596058924152058,0.0,2.0
0.06696495301824251,0.0,0.0,0.0,0.0,0.0,0.0,0.0,0.0,0.0,0.0,0.0,0.0,0.0,0.0,0.0,0.0,0.0,0.0,0.0,0.0,0.23675686190518921,0.0,0.0
0.10779796036211034,0.0,0.2540822292337563,0.0,0.0,0.0,0.0,0.0,0.0,0.0,0.0,0.0,0.0,0.0,0.0,0.0,0.02540822292337563,0.02540822292337563,0.0,0.0,0.0,0.2794904521571319,0.0,5.0
0.12803687993289598,0.0,0.0,0.0,0.0,0.0,0.0,0.0,0.0,0.0,0.0,0.0,0.0,0.0,0.0,0.1358036190637778,0.0,0.0,0.0,0.0,0.0,0.15843755557440742,0.0,2.0
0.12610831807632955,0.0,0.0,0.0,0.0,0.0,0.0,0.0,0.0,0.0,0.0,0.0,0.0,0.0,0.0,0.0,0.0,0.0,0.0,0.0,0.0,0.08917204687580271,0.0,1.0
0.07871941760441518,0.0,0.0,0.0,0.0,0.0,0.0,0.0,0.0,0.0,0.0,0.0,0.0,0.0,0.0,0.0,0.027831516999568835,0.0,0.0,0.0,0.0,0.09741030949849092,0.05566303399913767,5.0
0.056388387443460086,0.0,0.0,0.0,0.0,0.0,0.0,0.0,0.0,0.0,0.0,0.0,0.0,0.0,0.0,0.039872611141445,0.0,0.0,0.0,0.08458258116519013,0.0,0.07974522228289,0.0,4.0
0.06356417261637282,0.0,0.0,0.0,0.0,0.0,0.0,0.0,0.0,0.0,0.0,0.0,0.0,0.0,0.0,0.0,0.1797866299901979,0.0,0.0,0.0,0.0,0.15731330124142315,0.0,3.0
0.06530231484483393,0.0,0.0,0.0,0.0,0.0,0.0,0.0,0.0,0.0,0.0,0.0,0.0,0.0,0.0,0.0,0.0,0.0,0.0,0.03265115742241696,0.0,0.16161498378886355,0.0,0.0
0.06644554941850954,0.0,0.0,0.0,0.0,0.0,0.0,0.0,0.0,0.0,0.0,0.0,0.0,0.0,0.0,0.0,0.0,0.0,0.0,0.0,0.0,0.046984098573493956,0.0,1.0
0.07448389227238586,0.0,0.0,0.0,0.0,0.0,0.0,0.0,0.0,0.0,0.0,0.0,0.0,0.0,0.0,0.026334032657486166,0.0,0.0,0.0,0.0,0.0,0.13167016328743084,0.0,1.0
0.13074409009212268,0.0,0.0,0.0,0.0,0.0,0.0,0.0,0.0,0.0,0.0,0.0,0.0,0.0,0.0,0.0,0.0,0.0,0.0,0.021790681682020446,0.0,0.1386750490563073,0.030816677568068284,2.0
0.07009996372327815,0.0,0.0,0.0,0.0,0.0,0.0,0.0,0.0,0.0,0.0,0.0,0.0,0.0,0.0,0.0,0.0,0.09913631941932192,0.0,0.0,0.0,0.09913631941932192,0.0,5.0
0.04554875186742769,0.0,0.0,0.0,0.0,0.0,0.0,0.0,0.0,0.03220783132004154,0.0,0.0,0.0,0.0,0.0,0.0,0.03220783132004154,0.06441566264008308,0.0,0.022774375933713845,0.0,0.12883132528016616,0.0,5.0
0.10597597584982432,0.0,0.0,0.0,0.0,0.0,0.0,0.0,0.029974532466509034,0.0,0.0,0.0,0.0,0.0,0.0,0.0,0.0,0.0,0.0,0.021195195169964865,0.0,0.1648599285657997,0.14987266233254518,2.0
0.17814530949575064,0.0,0.0,0.0,0.0,0.0,0.0,0.0,0.0,0.0,0.0,0.0,0.0,0.0,0.0,0.0,0.0,0.0,0.0,0.0,0.0,0.07198157507486945,0.0,7.0
0.07453559924999298,0.0,0.0,0.0,0.0,0.0,0.0,0.0,0.0,0.0,0.0,0.0,0.0,0.0,0.0,0.0,0.0,0.0,0.0,0.03726779962499649,0.0,0.21081851067789195,0.0,5.0
0.030096463271442296,0.0,0.0,0.0,0.0,0.0,0.0,0.0,0.0,0.0,0.0,0.0,0.0,0.0,0.0,0.0,0.0,0.0,0.0,0.0,0.0,0.10640706634484356,0.0,0.0
0.08823529411764705,0.0,0.0,0.0,0.0,0.0,0.0,0.0,0.0,0.0,0.0,0.0,0.0,0.0,0.04159451654038515,0.0,0.0,0.0,0.0,0.0,0.0,0.04159451654038515,0.0,2.0
0.08578872660073425,0.0,0.0,0.0,0.0,0.0,0.0,0.0,0.0,0.0,0.0,0.0,0.0,0.0,0.0,0.15165447582184488,0.0,0.0,0.0,0.0,0.0,0.21231626615058283,0.0,2.0
0.16366341767699427,0.0,0.0,0.0,0.0,0.0,0.0,0.0,0.0,0.07715167498104596,0.0,0.0,0.0,0.0,0.0,0.0,0.0,0.0,0.0,0.0,0.0,0.11572751247156893,0.0,2.0
0.04447740288015254,0.0,0.0,0.0,0.0,0.0,0.0,0.0,0.0,0.0,0.0,0.0,0.0,0.0,0.12580109274448778,0.0,0.0,0.0,0.0,0.02223870144007627,0.0,0.18870163911673168,0.0,1.0
0.041030496993110906,0.0,0.0,0.0,0.0,0.0,0.0,0.0,0.0,0.0,0.0,0.0,0.0,0.0,0.0,0.0,0.058025885318565944,0.0,0.0,0.0,0.0,0.23210354127426377,0.0,4.0
0.1608168802256692,0.0,0.0,0.0,0.0,0.0,0.0,0.0,0.0,0.03790490217894517,0.0,0.0,0.0,0.0,0.0,0.0,0.18952451089472586,0.0,0.0,0.0,0.0,0.15161960871578067,0.0,5.0
0.05832118435198042,0.0,0.0,0.0,0.0,0.0,0.0,0.0,0.0,0.0,0.0,0.0,0.0,0.0,0.0,0.08247860988423225,0.0,0.041239304942116126,0.0,0.0,0.0,0.2268161771816387,0.0,0.0
0.04876598490941707,0.0,0.0,0.0,0.0,0.0,0.0,0.0,0.0,0.034482758620689655,0.0,0.0,0.0,0.0,0.0,0.0,0.0,0.0,0.0,0.024382992454708534,0.0,0.20689655172413793,0.0,2.0
0.08428995039221791,0.0,0.0,0.0,0.0,0.0,0.0,0.0,0.0,0.0,0.0,0.0,0.0,0.0,0.0,0.0,0.11920399101642996,0.0,0.0,0.02107248759805448,0.0,0.2533084809099137,0.0,6.0
